checkpoint,MME,GQA,Text-VQA,POPE,MMB,ScienceQA,Avg.
checkpoint-2000,1054.61,49.86,42.59,68.66,0.09,40.25,209.34333333333333
checkpoint-4000,1196.23,52.51,43.71,68.74,38.32,50.58,241.68166666666664
checkpoint-6000,1077.25,53.43,43.53,69.21,43.64,53.1,223.36
checkpoint-8000,1236.59,52.74,44.54,70.29,43.64,53.41,250.20166666666668
checkpoint-10000,1018.67,51.07,44.99,66.91,42.35,51.4,212.56499999999997
checkpoint-12000,1215.68,55.09,47.18,68.95,46.39,55.65,248.15666666666667
checkpoint-14000,1203.58,55.8,47.83,69.9,52.23,58.08,247.9033333333333