checkpoint,MME,GQA,Text-VQA,POPE,MMB,ScienceQA,Avg.
checkpoint-2000,891.9,39.46,29.28,69.74,0.09,33.18,177.27499999999998
checkpoint-4000,984.34,41.92,28.72,70.58,41.67,44.47,201.95000000000002
checkpoint-6000,1082.76,42.46,28.34,68.08,46.56,54.42,220.43666666666664
checkpoint-8000,1044.48,42.71,30.16,70.18,48.71,54.52,215.12666666666667
checkpoint-10000,1035.84,43.19,30.56,68.62,45.79,53.97,212.995
checkpoint-12000,1112.39,44.81,32.45,68.68,53.44,55.18,227.82500000000002
checkpoint-14000,1130.07,45.1,33.19,70.31,54.55,56.24,231.57666666666668
